{"class_name": "Sequential", "config": {"name": "sequential_1", "layers": [{"class_name": "Dense", "config": {"name": "dense_1", "trainable": true, "batch_input_shape": [null, 5], "dtype": "float32", "units": 15, "activation": "linear", "use_bias": true, "kernel_initializer": {"class_name": "VarianceScaling", "config": {"scale": 1.0, "mode": "fan_avg", "distribution": "uniform", "seed": null}}, "bias_initializer": {"class_name": "Zeros", "config": {}}, "kernel_regularizer": null, "bias_regularizer": null, "activity_regularizer": null, "kernel_constraint": null, "bias_constraint": null}}, {"class_name": "LeakyReLU", "config": {"name": "leaky_re_lu_1", "trainable": true, "alpha": 0.019999999552965164}}, {"class_name": "Dense", "config": {"name": "dense_2", "trainable": true, "units": 10, "activation": "linear", "use_bias": true, "kernel_initializer": {"class_name": "VarianceScaling", "config": {"scale": 1.0, "mode": "fan_avg", "distribution": "uniform", "seed": null}}, "bias_initializer": {"class_name": "Zeros", "config": {}}, "kernel_regularizer": null, "bias_regularizer": null, "activity_regularizer": null, "kernel_constraint": null, "bias_constraint": null}}, {"class_name": "LeakyReLU", "config": {"name": "leaky_re_lu_2", "trainable": true, "alpha": 0.019999999552965164}}, {"class_name": "Dense", "config": {"name": "dense_3", "trainable": true, "units": 5, "activation": "linear", "use_bias": true, "kernel_initializer": {"class_name": "VarianceScaling", "config": {"scale": 1.0, "mode": "fan_avg", "distribution": "uniform", "seed": null}}, "bias_initializer": {"class_name": "Zeros", "config": {}}, "kernel_regularizer": null, "bias_regularizer": null, "activity_regularizer": null, "kernel_constraint": null, "bias_constraint": null}}, {"class_name": "LeakyReLU", "config": {"name": "leaky_re_lu_3", "trainable": true, "alpha": 0.019999999552965164}}, {"class_name": "Dense", "config": {"name": "dense_4", "trainable": true, "units": 3, "activation": "linear", "use_bias": true, "kernel_initializer": {"class_name": "VarianceScaling", "config": {"scale": 1.0, "mode": "fan_avg", "distribution": "uniform", "seed": null}}, "bias_initializer": {"class_name": "Zeros", "config": {}}, "kernel_regularizer": null, "bias_regularizer": null, "activity_regularizer": null, "kernel_constraint": null, "bias_constraint": null}}, {"class_name": "LeakyReLU", "config": {"name": "leaky_re_lu_4", "trainable": true, "alpha": 0.019999999552965164}}, {"class_name": "Dense", "config": {"name": "dense_5", "trainable": true, "units": 1, "activation": "linear", "use_bias": true, "kernel_initializer": {"class_name": "VarianceScaling", "config": {"scale": 1.0, "mode": "fan_avg", "distribution": "uniform", "seed": null}}, "bias_initializer": {"class_name": "Zeros", "config": {}}, "kernel_regularizer": null, "bias_regularizer": null, "activity_regularizer": {"class_name": "L1L2", "config": {"l1": 0.009999999776482582, "l2": 0.0}}, "kernel_constraint": null, "bias_constraint": null}}, {"class_name": "LeakyReLU", "config": {"name": "leaky_re_lu_5", "trainable": true, "alpha": 0.019999999552965164}}]}, "keras_version": "2.2.4", "backend": "tensorflow"}